transaction_amount,response_time_ms,login_attempts
51.38,47.35,1
43.05,30.81,1
46.49,48.39,1
37.87,47.77,2
62.19,59.63,1
55.42,47.55,1
40.97,34.49,2
39.2,57.82,2
54.44,41.16,1
43.01,49.73,2
20.19,77.2,2
46.7,56.26,2
57.45,35.85,2
55.36,41.43,2
36.38,61.43,1
55.42,41.1,2
37.41,68.66,2
49.46,49.23,1
780.0,1900.0,14
48.27,33.93,2
53.63,50.6,1
53.13,42.17,2
70.34,54.13,2
32.74,40.09,1
51.01,64.03,1
77.78,50.69,2
65.86,36.8,2
51.31,50.13,1
41.57,53.02,2
27.82,52.6,1
57.7,34.85,2
51.46,45.53,1
58.14,49.26,1
34.13,54.74,1
63.97,42.86,2
40.32,42.46,1
40.99,51.0,2
61.08,52.27,1
46.49,54.04,1
59.18,52.32,1
33.4,61.59,1
52.95,37.69,2
31.69,65.5,1
34.81,49.65,1
950.25,1800.0,8
62.34,40.81,1
65.05,68.97,2
61.51,51.75,2
45.48,51.85,1
48.92,58.22,2
73.47,53.41,2
55.64,44.34,2
28.82,57.52,2
42.05,41.53,1
45.09,37.54,2
51.66,71.9,2
42.96,52.58,2
920.0,2300.5,12
23.55,52.97,2
21.3,74.63,2
45.51,64.54,1
41.83,55.87,1
72.85,41.98,2
54.71,38.31,2
30.08,58.14,2
42.47,57.14,2
73.69,68.86,1
1100.0,3200.0,11
28.05,53.85,2
64.53,58.56,1
65.46,52.93,2
54.86,52.5,2
50.08,50.58,1
43.09,37.63,1
42.23,54.82,2
47.22,57.87,1
45.0,5000.0,20
850.5,1500.0,10
52.57,63.07,1
54.97,38.09,2
55.15,55.22,1
44.12,51.73,1
45.36,54.74,1
62.33,58.27,2
49.8,39.38,2
15.0,4500.0,15
64.63,56.57,1
32.06,41.79,2
890.1,2100.0,9
20.6,46.78,2
45.62,44.97,2
53.92,51.54,2
47.93,45.79,2
39.85,43.2,2
46.61,40.91,1
59.72,46.57,1
28.63,35.98,2
54.93,49.27,1
46.48,38.57,2
10.7,52.77,2
63.73,54.73,2
72.17,39.29,1
1050.0,2800.0,13
71.98,57.91,2
42.81,40.25,2
73.07,41.84,2
24.13,48.08,1
39.47,52.14,2
44.22,53.46,2
1200.0,45.0,1
